-3.261948347091674805e+00,2.416428565979003906e+01,-7.747815251350402832e-01
-8.041090965270996094e+00,2.328237724304199219e+01,4.346626281738281250e+00
-2.817166090011596680e+00,2.479379081726074219e+01,3.548751115798950195e+00
-5.084919929504394531e+00,-1.025102424621582031e+01,-5.271096420288085938e+01
-3.731424570083618164e+00,-1.330014038085937500e+01,-5.151099014282226562e+01
-2.508543491363525391e+00,-1.224282264709472656e+01,-5.183458328247070312e+01
-2.774059772491455078e+00,-1.529340267181396484e+01,-5.029918670654296875e+01
-4.057256221771240234e+00,-1.566466808319091797e+01,-5.010319900512695312e+01
-1.636231184005737305e+00,-1.456137561798095703e+01,-5.055131149291992188e+01
-7.208005189895629883e-01,-1.351811790466308594e+01,-5.084251022338867188e+01
-1.959596753120422363e+00,-1.678386878967285156e+01,-4.881247329711914062e+01
-3.657135963439941406e+00,-1.727500343322753906e+01,-4.855319976806640625e+01
-4.543718099594116211e-01,-1.581546878814697266e+01,-4.914601135253906250e+01
7.566481828689575195e-01,-1.443536376953125000e+01,-4.953123092651367188e+01
-1.132048368453979492e+00,-1.816215324401855469e+01,-4.699953079223632812e+01
-3.232570171356201172e+00,-1.876990699768066406e+01,-4.667870330810546875e+01
7.305157780647277832e-01,-1.696385765075683594e+01,-4.741224670410156250e+01
2.229054689407348633e+00,-1.525614643096923828e+01,-4.788891983032226562e+01
-2.969336807727813721e-01,-1.941905021667480469e+01,-4.487256622314453125e+01
-2.786403417587280273e+00,-2.013941764831542969e+01,-4.449232101440429688e+01
1.910538792610168457e+00,-1.799893569946289062e+01,-4.536169815063476562e+01
3.686518669128417969e+00,-1.597495269775390625e+01,-4.592663955688476562e+01
5.401993989944458008e-01,-2.054588890075683594e+01,-4.244467926025390625e+01
-2.321552515029907227e+00,-2.137387847900390625e+01,-4.200758743286132812e+01
3.077735185623168945e+00,-1.891328239440917969e+01,-4.300697326660156250e+01
5.119338035583496094e+00,-1.658670234680175781e+01,-4.365638732910156250e+01
1.373689055442810059e+00,-2.153531455993652344e+01,-3.973325347900390625e+01
-1.841202020645141602e+00,-2.246548080444335938e+01,-3.924222564697265625e+01
4.224378108978271484e+00,-1.970133781433105469e+01,-4.036492156982421875e+01
6.517910480499267578e+00,-1.708760070800781250e+01,-4.109448242187500000e+01
2.198000431060791016e+00,-2.238089752197265625e+01,-3.675643157958984375e+01
-1.348541617393493652e+00,-2.340709877014160156e+01,-3.621473312377929688e+01
5.342808723449707031e+00,-2.035773849487304688e+01,-3.745325851440429688e+01
7.872947692871093750e+00,-1.747436332702636719e+01,-3.825808334350585938e+01
3.007591962814331055e+00,-2.307643318176269531e+01,-3.353299713134765625e+01
-8.468416929244995117e-01,-2.419163513183593750e+01,-3.294429016113281250e+01
6.425380706787109375e+00,-2.087762451171875000e+01,-3.429032135009765625e+01
9.175141334533691406e+00,-1.774387359619140625e+01,-3.516502380371093750e+01
3.797093152999877930e+00,-2.361777687072753906e+01,-3.008551597595214844e+01
-3.394892513751983643e-01,-2.481449699401855469e+01,-2.945373344421386719e+01
7.465034961700439453e+00,-2.125786399841308594e+01,-3.089830017089843750e+01
1.041604328155517578e+01,-1.789483642578125000e+01,-3.183700752258300781e+01
4.561207771301269531e+00,-2.400128173828125000e+01,-2.643705368041992188e+01
1.701460927724838257e-01,-2.527168083190917969e+01,-2.576639366149902344e+01
8.454797744750976562e+00,-2.149629211425781250e+01,-2.729981994628906250e+01
1.158745098114013672e+01,-1.792632865905761719e+01,-2.829629325866699219e+01
5.294728279113769531e+00,-2.422380828857421875e+01,-2.261142349243164062e+01
6.786325573921203613e-01,-2.555943107604980469e+01,-2.190637207031250000e+01
9.387876510620117188e+00,-2.159048271179199219e+01,-2.351840019226074219e+01
1.268109130859375000e+01,-1.783758544921875000e+01,-2.456593894958496094e+01
5.992899417877197266e+00,-2.428456878662109375e+01,-1.863452339172363281e+01
1.182588100433349609e+00,-2.567628669738769531e+01,-1.789982604980468750e+01
1.025825119018554688e+01,-2.154038619995117188e+01,-1.957966995239257812e+01
1.368995189666748047e+01,-1.762957000732421875e+01,-2.067127990722656250e+01
6.651003837585449219e+00,-2.418304443359375000e+01,-1.453328514099121094e+01
1.678630709648132324e+00,-2.562164497375488281e+01,-1.377383708953857422e+01
1.106009483337402344e+01,-2.134641838073730469e+01,-1.551027774810791016e+01
1.460742282867431641e+01,-1.730387496948242188e+01,-1.663866043090820312e+01
7.264508247375488281e+00,-2.391928100585937500e+01,-1.033454227447509766e+01
2.163427352905273438e+00,-2.539520835876464844e+01,-9.555418968200683594e+00
1.178778171539306641e+01,-2.100925254821777344e+01,-1.133682441711425781e+01
1.542689514160156250e+01,-1.686208724975585938e+01,-1.249440670013427734e+01
7.829503059387207031e+00,-2.349583435058593750e+01,-6.066682815551757812e+00
2.633767604827880859e+00,-2.499905014038085938e+01,-5.273121356964111328e+00
1.243657398223876953e+01,-2.053175926208496094e+01,-7.087559223175048828e+00
1.614327621459960938e+01,-1.630761146545410156e+01,-8.266633033752441406e+00
8.342160224914550781e+00,-2.291530036926269531e+01,-1.758339405059814453e+00
3.086506843566894531e+00,-2.443586540222167969e+01,-9.556236267089843750e-01
1.300243473052978516e+01,-1.991704177856445312e+01,-2.790996313095092773e+00
1.675185012817382812e+01,-1.564423274993896484e+01,-3.983654499053955078e+00
8.798898696899414062e+00,-2.218115615844726562e+01,2.561800718307495117e+00
3.518556594848632812e+00,-2.370887184143066406e+01,3.368288755416870117e+00
1.348105525970458984e+01,-1.916887283325195312e+01,1.524305343627929688e+00
1.724808120727539062e+01,-1.487593746185302734e+01,3.260346055030822754e-01
9.196835517883300781e+00,-2.129882621765136719e+01,6.864835739135742188e+00
3.927086114883422852e+00,-2.282339096069335938e+01,7.669688701629638672e+00
1.386960411071777344e+01,-1.829257011413574219e+01,5.829417705535888672e+00
1.762898445129394531e+01,-1.400817871093750000e+01,4.633545875549316406e+00
9.533313751220703125e+00,-2.027410697937011719e+01,1.112195587158203125e+01
4.309389114379882812e+00,-2.178552055358886719e+01,1.191983127593994141e+01
1.416541767120361328e+01,-1.729393005371093750e+01,1.009553337097167969e+01
1.789217376708984375e+01,-1.304689407348632812e+01,8.910073280334472656e+00
9.805884361267089844e+00,-1.911351966857910156e+01,1.530456447601318359e+01
4.662793636322021484e+00,-2.060151481628417969e+01,1.609008789062500000e+01
1.436629009246826172e+01,-1.617944335937500000e+01,1.429402351379394531e+01
1.803538322448730469e+01,-1.199810409545898438e+01,1.312690258026123047e+01
1.001292228698730469e+01,-1.782513809204101562e+01,1.938489723205566406e+01
4.985053062438964844e+00,-1.927992248535156250e+01,2.015284729003906250e+01
1.447125625610351562e+01,-1.495690345764160156e+01,1.839700698852539062e+01
1.805808639526367188e+01,-1.086915016174316406e+01,1.725602340698242188e+01
1.015304851531982422e+01,-1.641773414611816406e+01,2.333563232421875000e+01
5.273980140686035156e+00,-1.782942390441894531e+01,2.408084678649902344e+01
1.447941493988037109e+01,-1.363433170318603516e+01,2.237697219848632812e+01
1.796010208129882812e+01,-9.667569160461425781e+00,2.126975631713867188e+01
-1.961344003677368164e+00,-1.061208629608154297e+01,-5.220450973510742188e+01
-9.846835583448410034e-02,-1.222612094879150391e+01,-5.115380859375000000e+01
1.979756057262420654e-01,-1.078005313873291016e+01,-5.146363067626953125e+01
1.484870463609695435e-01,-9.277802467346191406e+00,-5.175101089477539062e+01
1.579913496971130371e+00,-1.272619152069091797e+01,-4.994304275512695312e+01
1.972084879875183105e+00,-1.081319618225097656e+01,-5.035290908813476562e+01
1.906605482101440430e+00,-8.825874328613281250e+00,-5.073307800292968750e+01
3.247731447219848633e+00,-1.314119911193847656e+01,-4.839849472045898438e+01
3.733002185821533203e+00,-1.077406120300292969e+01,-4.890565872192382812e+01
3.652002334594726562e+00,-8.314956665039062500e+00,-4.937608337402343750e+01
4.893882751464843750e+00,-1.346841335296630859e+01,-4.653057098388671875e+01
5.468947410583496094e+00,-1.066295242309570312e+01,-4.713164138793945312e+01
5.373014926910400391e+00,-7.748480796813964844e+00,-4.768918228149414062e+01
6.507180690765380859e+00,-1.370530796051025391e+01,-4.435063171386718750e+01
7.168360233306884766e+00,-1.048032760620117188e+01,-4.504159545898437500e+01
7.057993888854980469e+00,-7.130046844482421875e+00,-4.568249893188476562e+01
8.077062606811523438e+00,-1.385063076019287109e+01,-4.187440490722656250e+01
8.819745063781738281e+00,-1.022769165039062500e+01,-4.265062332153320312e+01
8.695763587951660156e+00,-6.463986873626708984e+00,-4.337061309814453125e+01
9.592943191528320312e+00,-1.390346050262451172e+01,-3.911846542358398438e+01
1.041222190856933594e+01,-9.906736373901367188e+00,-3.997476577758789062e+01
1.027551460266113281e+01,-5.754741668701171875e+00,-4.076904296875000000e+01
1.104451560974121094e+01,-1.386298084259033203e+01,-3.610010147094726562e+01
1.193493556976318359e+01,-9.519317626953125000e+00,-3.703073501586914062e+01
1.178628730773925781e+01,-5.006895065307617188e+00,-3.789395523071289062e+01
1.242216777801513672e+01,-1.372993278503417969e+01,-3.284050750732421875e+01
1.337790584564208984e+01,-9.068303108215332031e+00,-3.383928298950195312e+01
1.321827697753906250e+01,-4.225598335266113281e+00,-3.476567459106445312e+01
1.371700191497802734e+01,-1.350508117675781250e+01,-2.936155509948730469e+01
1.473144435882568359e+01,-8.556701660156250000e+00,-3.042175674438476562e+01
1.456204509735107422e+01,-3.416061401367187500e+00,-3.140514755249023438e+01
1.491975498199462891e+01,-1.318974113464355469e+01,-2.568579292297363281e+01
1.598614883422851562e+01,-7.987758159637451172e+00,-2.680032730102539062e+01
1.580816745758056641e+01,-2.583635568618774414e+00,-2.783413124084472656e+01
1.602284240722656250e+01,-1.278624725341796875e+01,-2.183823966979980469e+01
1.713415908813476562e+01,-7.365389347076416016e+00,-2.299967384338378906e+01
1.694860649108886719e+01,-1.733923912048339844e+00,-2.407695960998535156e+01
1.701887893676757812e+01,-1.229737186431884766e+01,-1.784493255615234375e+01
1.816761970520019531e+01,-6.693845272064208984e+00,-1.904550170898437500e+01
1.797581291198730469e+01,-8.726548552513122559e-01,-2.015908241271972656e+01
1.790076637268066406e+01,-1.172603893280029297e+01,-1.373189449310302734e+01
1.907920646667480469e+01,-5.977413654327392578e+00,-1.496354675292968750e+01
1.888250732421875000e+01,-5.519029218703508377e-03,-1.610596275329589844e+01
1.866305732727050781e+01,-1.107618331909179688e+01,-9.527099609375000000e+00
1.986344718933105469e+01,-5.221022605895996094e+00,-1.078158760070800781e+01
1.966301345825195312e+01,8.616576790809631348e-01,-1.194518852233886719e+01
1.930065917968750000e+01,-1.035252475738525391e+01,-5.258643627166748047e+00
2.051486968994140625e+01,-4.429759025573730469e+00,-6.527612686157226562e+00
2.031213569641113281e+01,1.723070740699768066e+00,-7.704634189605712891e+00
1.980890655517578125e+01,-9.559361457824707031e+00,-9.549502730369567871e-01
2.102877235412597656e+01,-3.608801126480102539e+00,-2.229870319366455078e+00
2.082509422302246094e+01,2.572934865951538086e+00,-3.412422180175781250e+00
2.018475723266601562e+01,-8.702342987060546875e+00,3.355137348175048828e+00
2.140218925476074219e+01,-2.763709545135498047e+00,2.082771778106689453e+00
2.119884681701660156e+01,3.405600309371948242e+00,9.026042222976684570e-01
2.042561912536621094e+01,-7.787151336669921875e+00,7.642782211303710938e+00
2.163252639770507812e+01,-1.900176286697387695e+00,6.381478309631347656e+00
2.143104171752929688e+01,4.215517044067382812e+00,5.211558818817138672e+00
2.052964019775390625e+01,-6.819742679595947266e+00,1.187921905517578125e+01
2.171789169311523438e+01,-1.023879289627075195e+00,1.063743400573730469e+01
2.151949882507324219e+01,4.997171401977539062e+00,9.485621452331542969e+00
2.049656295776367188e+01,-5.806841850280761719e+00,1.603628921508789062e+01
2.165806770324707031e+01,-1.407530605792999268e-01,1.482232284545898438e+01
2.146422767639160156e+01,5.745443820953369141e+00,1.369629764556884766e+01
2.032639694213867188e+01,-4.755074977874755859e+00,2.008612251281738281e+01
2.145358085632324219e+01,7.433171272277832031e-01,1.890807914733886719e+01
2.126544189453125000e+01,6.455298423767089844e+00,1.781538391113281250e+01
-2.230899333953857422e+00,-8.850268363952636719e+00,-5.252113723754882812e+01
-3.245770931243896484e+00,-7.424288272857666016e+00,-5.270055389404296875e+01
-2.546161115169525146e-01,-7.821904182434082031e+00,-5.199526214599609375e+01
-9.731957316398620605e-01,-6.508884906768798828e+00,-5.218128967285156250e+01
-1.958630561828613281e+00,-5.427634716033935547e+00,-5.229650497436523438e+01
1.373352408409118652e+00,-6.899868011474609375e+00,-5.105619812011718750e+01
4.227405786514282227e-01,-5.162885189056396484e+00,-5.130229568481445312e+01
-8.808711767196655273e-01,-3.732503652572631836e+00,-5.145471572875976562e+01
2.992133855819702148e+00,-5.931730270385742188e+00,-4.977590560913085938e+01
1.815849304199218750e+00,-3.782388925552368164e+00,-5.008042907714843750e+01
2.027855664491653442e-01,-2.012410640716552734e+00,-5.026903915405273438e+01
4.590890407562255859e+00,-4.923954963684082031e+00,-4.816303634643554688e+01
3.196854829788208008e+00,-2.376603841781616211e+00,-4.852395629882812500e+01
1.285053133964538574e+00,-2.789251804351806641e-01,-4.874747848510742188e+01
6.159001827239990234e+00,-3.883139133453369141e+00,-4.622722244262695312e+01
4.556389808654785156e+00,-9.548972845077514648e-01,-4.664209365844726562e+01
2.358757019042968750e+00,1.456512808799743652e+00,-4.689905548095703125e+01
7.685831546783447266e+00,-2.816411972045898438e+00,-4.398255538940429688e+01
5.885541439056396484e+00,4.731931984424591064e-01,-4.444863510131835938e+01
3.416670322418212891e+00,3.182169437408447266e+00,-4.473729705810546875e+01
9.161329269409179688e+00,-1.730875253677368164e+00,-4.144410705566406250e+01
7.175326347351074219e+00,1.898132205009460449e+00,-4.195827484130859375e+01
4.451762676239013672e+00,4.886573791503906250e+00,-4.227671813964843750e+01
1.057545185089111328e+01,-6.337033510208129883e-01,-3.862762832641601562e+01
8.417029380798339844e+00,3.310317516326904297e+00,-3.918642807006835938e+01
5.456970691680908203e+00,6.558166980743408203e+00,-3.953250885009765625e+01
1.191891193389892578e+01,4.677098989486694336e-01,-3.555306243896484375e+01
9.602356910705566406e+00,4.700407505035400391e+00,-3.615274810791015625e+01
6.425726413726806641e+00,8.185955047607421875e+00,-3.652416229248046875e+01
1.318269157409667969e+01,1.565977811813354492e+00,-3.224097061157226562e+01
1.072372150421142578e+01,6.059062480926513672e+00,-3.287755584716796875e+01
7.351619720458984375e+00,9.759152412414550781e+00,-3.327183532714843750e+01
1.435801887512207031e+01,2.653731346130371094e+00,-2.871278190612792969e+01
1.177306365966796875e+01,7.377095222473144531e+00,-2.938199806213378906e+01
8.228165626525878906e+00,1.126682949066162109e+01,-2.979648780822753906e+01
1.543753337860107422e+01,3.723792076110839844e+00,-2.499258613586425781e+01
1.274376392364501953e+01,8.645879745483398438e+00,-2.568995094299316406e+01
9.049703598022460938e+00,1.269918918609619141e+01,-2.612186431884765625e+01
1.641383361816406250e+01,4.768933296203613281e+00,-2.110555458068847656e+01
1.362931537628173828e+01,9.856887817382812500e+00,-2.182642364501953125e+01
9.810827255249023438e+00,1.404676914215087891e+01,-2.227289390563964844e+01
1.728001976013183594e+01,5.782104492187500000e+00,-1.707692909240722656e+01
1.442344284057617188e+01,1.100181961059570312e+01,-1.781647109985351562e+01
1.050613307952880859e+01,1.530011177062988281e+01,-1.827449035644531250e+01
1.803087997436523438e+01,6.756670475006103516e+00,-1.293417930603027344e+01
1.512125873565673828e+01,1.207309150695800781e+01,-1.368741130828857422e+01
1.113123226165771484e+01,1.645121383666992188e+01,-1.415394115447998047e+01
1.866116905212402344e+01,7.686065673828125000e+00,-8.705028533935546875e+00
1.571798896789550781e+01,1.306387996673583984e+01,-9.466962814331054688e+00
1.168199443817138672e+01,1.749245262145996094e+01,-9.938870429992675781e+00
1.916636276245117188e+01,8.563941955566406250e+00,-4.417515754699707031e+00
1.620941162109375000e+01,1.396700477600097656e+01,-5.183031558990478516e+00
1.215441322326660156e+01,1.841637802124023438e+01,-5.657150745391845703e+00
1.954351997375488281e+01,9.384584426879882812e+00,-1.004796698689460754e-01
1.659248542785644531e+01,1.477681541442871094e+01,-8.644595146179199219e-01
1.254556274414062500e+01,1.921716880798339844e+01,-1.337603807449340820e+00
1.979001426696777344e+01,1.014251518249511719e+01,4.217205524444580078e+00
1.686458778381347656e+01,1.548782348632812500e+01,3.459880352020263672e+00
1.285294151306152344e+01,1.988963508605957031e+01,2.990828514099121094e+00
1.990389251708984375e+01,1.083245372772216797e+01,8.506652832031250000e+00
1.702371978759765625e+01,1.609502792358398438e+01,7.761052131652832031e+00
1.307413196563720703e+01,2.042873001098632812e+01,7.299259662628173828e+00
1.988470268249511719e+01,1.145000457763671875e+01,1.273927021026611328e+01
1.706915283203125000e+01,1.659478187561035156e+01,1.201034450531005859e+01
1.320796680450439453e+01,2.083132934570312500e+01,1.155891704559326172e+01
1.973270034790039062e+01,1.199102878570556641e+01,1.688667678833007812e+01
1.700042724609375000e+01,1.698352241516113281e+01,1.617933273315429688e+01
1.325352668762207031e+01,2.109469985961914062e+01,1.574126243591308594e+01
-4.737741470336914062e+00,-6.722833156585693359e+00,-5.269304275512695312e+01
-3.151022434234619141e+00,-4.660669803619384766e+00,-5.233063507080078125e+01
-4.463703632354736328e+00,-4.249856472015380859e+00,-5.228389739990234375e+01
-5.807815074920654297e+00,-4.222979068756103516e+00,-5.215945816040039062e+01
-2.458276510238647461e+00,-2.717905998229980469e+00,-5.149986267089843750e+01
-4.194815158843994141e+00,-2.174435853958129883e+00,-5.143803405761718750e+01
-5.972935199737548828e+00,-2.138891696929931641e+00,-5.127341461181640625e+01
-1.749108433723449707e+00,-7.569825649261474609e-01,-5.032489395141601562e+01
-3.897899389266967773e+00,-8.449463546276092529e-02,-5.024838638305664062e+01
-6.098139762878417969e+00,-4.048553481698036194e-02,-5.004469299316406250e+01
-1.028247952461242676e+00,1.209034681320190430e+00,-4.881369018554687500e+01
-3.574926137924194336e+00,2.005975484848022461e+00,-4.872300338745117188e+01
-6.182602405548095703e+00,2.058208942413330078e+00,-4.848160552978515625e+01
-3.004955947399139404e-01,3.166903972625732422e+00,-4.697515106201171875e+01
-3.228002071380615234e+00,4.083153247833251953e+00,-4.687092971801757812e+01
-6.225606441497802734e+00,4.143097877502441406e+00,-4.659341430664062500e+01
4.292523860931396484e-01,5.103680133819580078e+00,-4.482279586791992188e+01
-2.859500408172607422e+00,6.132897853851318359e+00,-4.470569610595703125e+01
-6.227008819580078125e+00,6.200242996215820312e+00,-4.439393615722656250e+01
1.156156182289123535e+00,7.006308555603027344e+00,-4.237103652954101562e+01
-2.471902132034301758e+00,8.141680717468261719e+00,-4.224184799194335938e+01
-6.186829566955566406e+00,8.216048240661621094e+00,-4.189793777465820312e+01
1.875270605087280273e+00,8.861989974975585938e+00,-3.963502502441406250e+01
-2.067725419998168945e+00,1.009594535827636719e+01,-3.949462890625000000e+01
-6.105136394500732422e+00,1.017668533325195312e+01,-3.912084960937500000e+01
2.581913709640502930e+00,1.065831565856933594e+01,-3.663417053222656250e+01
-1.649726986885070801e+00,1.198275184631347656e+01,-3.648352432250976562e+01
-5.982645511627197266e+00,1.206928920745849609e+01,-3.608236694335937500e+01
3.271226882934570312e+00,1.238363075256347656e+01,-3.338860702514648438e+01
-1.220708727836608887e+00,1.378944301605224609e+01,-3.322867584228515625e+01
-5.820202350616455078e+00,1.388136005401611328e+01,-3.280284881591796875e+01
3.938648223876953125e+00,1.402578258514404297e+01,-2.991923713684082031e+01
-7.834971547126770020e-01,1.550359916687011719e+01,-2.975110244750976562e+01
-5.618741989135742188e+00,1.560033893585205078e+01,-2.930346870422363281e+01
4.579774379730224609e+00,1.557425785064697266e+01,-2.624979209899902344e+01
-3.410597145557403564e-01,1.711431694030761719e+01,-2.607459449768066406e+01
-5.379710674285888672e+00,1.721503257751464844e+01,-2.560811233520507812e+01
5.190301418304443359e+00,1.701866912841796875e+01,-2.240512466430664062e+01
1.036499962210655212e-01,1.861059379577636719e+01,-2.222401618957519531e+01
-5.104753971099853516e+00,1.871469688415527344e+01,-2.174181938171386719e+01
5.766046524047851562e+00,1.834893035888671875e+01,-1.841014671325683594e+01
5.476834774017333984e-01,1.998202323913574219e+01,-1.822434043884277344e+01
-4.795565128326416016e+00,2.008890914916992188e+01,-1.772967338562011719e+01
6.303120136260986328e+00,1.955661773681640625e+01,-1.429211044311523438e+01
9.880419373512268066e-01,2.122009658813476562e+01,-1.410288238525390625e+01
-4.454324722290039062e+00,2.132886695861816406e+01,-1.359902191162109375e+01
6.798250675201416016e+00,2.063362693786621094e+01,-1.007862854003906250e+01
1.421806454658508301e+00,2.231627082824707031e+01,-9.887207984924316406e+00
-4.083326339721679688e+00,2.242631149291992188e+01,-9.377539634704589844e+00
7.247715473175048828e+00,2.157236099243164062e+01,-5.797574996948242188e+00
1.846042633056640625e+00,2.326285552978515625e+01,-5.605247497558593750e+00
-3.684953689575195312e+00,2.337341880798339844e+01,-5.093185424804687500e+00
7.648773193359375000e+00,2.236690902709960938e+01,-1.477769732475280762e+00
2.257925987243652344e+00,2.405402755737304688e+01,-1.285829782485961914e+00
7.998698234558105469e+00,2.301187324523925781e+01,2.851906776428222656e+00
2.654740571975708008e+00,2.468438720703125000e+01,3.042163372039794922e+00
8.294994354248046875e+00,2.350267410278320312e+01,7.162484645843505859e+00
3.033744096755981445e+00,2.514932632446289062e+01,7.349792003631591797e+00
-2.353482246398925781e+00,2.525700759887695312e+01,7.848545074462890625e+00
8.535929679870605469e+00,2.383650970458984375e+01,1.142518329620361328e+01
3.392490148544311523e+00,2.544614219665527344e+01,1.160832595825195312e+01
-1.874083161354064941e+00,2.555153274536132812e+01,1.209588527679443359e+01
8.719754219055175781e+00,2.401092529296875000e+01,1.561149024963378906e+01
3.728540658950805664e+00,2.557297897338867188e+01,1.578919982910156250e+01
-1.382154822349548340e+00,2.567520904541015625e+01,1.626233673095703125e+01
-6.302517890930175781e+00,-6.927944183349609375e+00,-5.250220489501953125e+01
-7.525398731231689453e+00,-7.985261917114257812e+00,-5.217861175537109375e+01
-7.091011524200439453e+00,-4.594244480133056641e+00,-5.196347045898437500e+01
-8.228839874267578125e+00,-5.326270580291748047e+00,-5.171134567260742188e+01
-9.144270896911621094e+00,-6.369528770446777344e+00,-5.142014694213867188e+01
-7.670474529266357422e+00,-2.630025625228881836e+00,-5.101414108276367188e+01
-9.175699234008789062e+00,-3.598426103591918945e+00,-5.068060302734375000e+01
-1.038671970367431641e+01,-4.978530883789062500e+00,-5.029538345336914062e+01
-8.198661804199218750e+00,-6.482388377189636230e-01,-4.972386550903320312e+01
-1.006122589111328125e+01,-1.846535444259643555e+00,-4.931114959716796875e+01
-1.155976486206054688e+01,-3.554246425628662109e+00,-4.883448028564453125e+01
-8.672072410583496094e+00,1.337841272354125977e+00,-4.810135650634765625e+01
-1.087954521179199219e+01,-8.227387070655822754e-02,-4.761222839355468750e+01
-1.265552425384521484e+01,-2.106256961822509766e+00,-4.704728317260742188e+01
-9.087358474731445312e+00,3.315108537673950195e+00,-4.615632247924804688e+01
-1.162489414215087891e+01,1.682501196861267090e+00,-4.559402847290039062e+01
-1.366649723052978516e+01,-6.440785527229309082e-01,-4.494461441040039062e+01
-9.441900253295898438e+00,5.270076274871826172e+00,-4.390290451049804688e+01
-1.229258918762207031e+01,3.436100482940673828e+00,-4.327124023437500000e+01
-1.458612155914306641e+01,8.223624229431152344e-01,-4.254167938232421875e+01
-9.733371734619140625e+00,7.189846992492675781e+00,-4.135623931884765625e+01
-1.287817955017089844e+01,5.166687011718750000e+00,-4.065940856933593750e+01
-1.540831851959228516e+01,2.283313035964965820e+00,-3.985458374023437500e+01
-9.959569931030273438e+00,9.061482429504394531e+00,-3.853213882446289062e+01
-1.337735843658447266e+01,6.862674236297607422e+00,-3.777481842041015625e+01
-1.612711906433105469e+01,3.728923320770263672e+00,-3.690011215209960938e+01
-1.011922836303710938e+01,1.087256908416748047e+01,-3.545058441162109375e+01
-1.378716945648193359e+01,8.512655258178710938e+00,-3.463779830932617188e+01
-1.673817825317382812e+01,5.149628639221191406e+00,-3.369909286499023438e+01
-1.021126365661621094e+01,1.261096096038818359e+01,-3.213219070434570312e+01
-1.410485363006591797e+01,1.010597324371337891e+01,-3.126942253112792969e+01
-1.723750686645507812e+01,6.536008834838867188e+00,-3.027294921875000000e+01
-1.023483848571777344e+01,1.426471614837646484e+01,-2.859841728210449219e+01
-1.432798576354980469e+01,1.163139152526855469e+01,-2.769144058227539062e+01
-1.762120056152343750e+01,7.878493309020996094e+00,-2.664390182495117188e+01
-1.019002151489257812e+01,1.582331371307373047e+01,-2.487341499328613281e+01
-1.445537376403808594e+01,1.307913017272949219e+01,-2.392826652526855469e+01
-1.788707542419433594e+01,9.168314933776855469e+00,-2.283665847778320312e+01
-1.007712745666503906e+01,1.727609634399414062e+01,-2.098237037658691406e+01
-1.448621749877929688e+01,1.443947029113769531e+01,-2.000537872314453125e+01
-1.803354644775390625e+01,1.039692687988281250e+01,-1.887699699401855469e+01
-9.896645545959472656e+00,1.861297988891601562e+01,-1.695055007934570312e+01
-1.441991901397705078e+01,1.570295333862304688e+01,-1.594826889038085938e+01
-1.805903244018554688e+01,1.155578804016113281e+01,-1.479068565368652344e+01
-9.650060653686523438e+00,1.982565307617187500e+01,-1.280545997619628906e+01
-1.425713062286376953e+01,1.686157798767089844e+01,-1.178458404541015625e+01
-1.796383476257324219e+01,1.263743019104003906e+01,-1.060550975799560547e+01
-9.338978767395019531e+00,2.090574645996093750e+01,-8.574823379516601562e+00
-1.399925327301025391e+01,1.790748977661132812e+01,-7.542167186737060547e+00
-1.774867057800292969e+01,1.363467884063720703e+01,-6.349508762359619141e+00
-8.965296745300292969e+00,2.184570503234863281e+01,-4.286697387695312500e+00
-1.364745235443115234e+01,1.883342170715332031e+01,-3.249202013015747070e+00
-1.741447830200195312e+01,1.454048633575439453e+01,-2.050931215286254883e+00
-8.531698226928710938e+00,2.263972282409667969e+01,3.007180616259574890e-02
-1.320446681976318359e+01,1.963346481323242188e+01,1.065489768981933594e+00
-1.696384620666503906e+01,1.534907341003417969e+01,2.261361360549926758e+00
-1.267319488525390625e+01,2.030220031738281250e+01,5.373049259185791016e+00
-1.639995193481445312e+01,1.605516433715820312e+01,6.558508872985839844e+00
-7.496572494506835938e+00,2.376901245117187500e+01,8.634068489074707031e+00
-1.205697917938232422e+01,2.083493614196777344e+01,9.644609451293945312e+00
-1.572607135772705078e+01,1.665359687805175781e+01,1.081173038482666016e+01
-6.901952266693115234e+00,2.409674644470214844e+01,1.286383533477783203e+01
-1.136028575897216797e+01,2.122851371765136719e+01,1.385172462463378906e+01
-1.494711685180664062e+01,1.714075851440429688e+01,1.499270915985107422e+01
-6.261223316192626953e+00,2.426352119445800781e+01,1.700755119323730469e+01
-1.058758926391601562e+01,2.148011779785156250e+01,1.796621131896972656e+01
-1.406827640533447266e+01,1.751335525512695312e+01,1.907342720031738281e+01
-8.072598457336425781e+00,-9.615998268127441406e+00,-5.180868530273437500e+01
-9.766602516174316406e+00,-7.661525249481201172e+00,-5.110884857177734375e+01
-1.006304645538330078e+01,-9.107593536376953125e+00,-5.079902648925781250e+01
-1.001355838775634766e+01,-1.060984420776367188e+01,-5.051164627075195312e+01
-1.120998477935791016e+01,-6.687703609466552734e+00,-4.988357162475585938e+01
-1.160215663909912109e+01,-8.600698471069335938e+00,-4.947370529174804688e+01
-1.153667640686035156e+01,-1.058802032470703125e+01,-4.909353637695312500e+01
-1.257844161987304688e+01,-5.669193267822265625e+00,-4.832490158081054688e+01
-1.306371212005615234e+01,-8.036332130432128906e+00,-4.781773757934570312e+01
-1.298271274566650391e+01,-1.049543571472167969e+01,-4.734731292724609375e+01
-1.386288928985595703e+01,-4.612796306610107422e+00,-4.644335174560546875e+01
-1.443795299530029297e+01,-7.418256759643554688e+00,-4.584228134155273438e+01
-1.434202098846435547e+01,-1.033272933959960938e+01,-4.528474044799804688e+01
-1.505434036254882812e+01,-3.525472879409790039e+00,-4.425037002563476562e+01
-1.571551895141601562e+01,-6.750452995300292969e+00,-4.355940628051757812e+01
-1.560515308380126953e+01,-1.010073375701904297e+01,-4.291850280761718750e+01
-1.614527320861816406e+01,-2.414607286453247070e+00,-4.176175689697265625e+01
-1.688795661926269531e+01,-6.037545680999755859e+00,-4.098553848266601562e+01
-1.676397323608398438e+01,-9.801250457763671875e+00,-4.026554870605468750e+01
-1.712831497192382812e+01,-1.287590503692626953e+00,-3.899420547485351562e+01
-1.794759368896484375e+01,-5.284314632415771484e+00,-3.813790512084960938e+01
-1.781088638305664062e+01,-9.436308860778808594e+00,-3.734362792968750000e+01
-1.799649238586425781e+01,-1.519687324762344360e-01,-3.596503829956054688e+01
-1.888691329956054688e+01,-4.495632171630859375e+00,-3.503440093994140625e+01
-1.873826408386230469e+01,-9.008054733276367188e+00,-3.417118453979492188e+01
-1.874430274963378906e+01,9.847254753112792969e-01,-3.269559097290039062e+01
-1.970004081726074219e+01,-3.676904201507568359e+00,-3.169681739807128906e+01
-1.954041099548339844e+01,-8.519609451293945312e+00,-3.077042579650878906e+01
-1.936705780029296875e+01,2.114761114120483398e+00,-2.920768928527832031e+01
-2.038150024414062500e+01,-2.833618640899658203e+00,-2.814748573303222656e+01
-2.021210098266601562e+01,-7.974258899688720703e+00,-2.716409492492675781e+01
-1.985986518859863281e+01,3.230649232864379883e+00,-2.552404785156250000e+01
-2.092625808715820312e+01,-1.971333980560302734e+00,-2.440951347351074219e+01
-2.074827766418457031e+01,-7.375456333160400391e+00,-2.337570953369140625e+01
-2.021996498107910156e+01,4.324991703033447266e+00,-2.166969680786132812e+01
-2.133128166198730469e+01,-1.095866560935974121e+00,-2.050826263427734375e+01
-2.114572906494140625e+01,-6.727331638336181641e+00,-1.943097686767578125e+01
-2.044500350952148438e+01,5.390424251556396484e+00,-1.767072296142578125e+01
-2.159374237060546875e+01,-2.131022363901138306e-01,-1.647015380859375000e+01
-2.140193557739257812e+01,-6.034292697906494141e+00,-1.535657405853271484e+01
-2.053290367126464844e+01,6.419739723205566406e+00,-1.355319786071777344e+01
-2.171134376525878906e+01,6.711140871047973633e-01,-1.232154560089111328e+01
-2.151464462280273438e+01,-5.300780296325683594e+00,-1.117912960052490234e+01
-2.048361587524414062e+01,7.406002044677734375e+00,-9.345043182373046875e+00
-2.168400382995605469e+01,1.550841212272644043e+00,-8.090555191040039062e+00
-2.148357200622558594e+01,-4.531839370727539062e+00,-6.926954746246337891e+00
-2.029747772216796875e+01,8.342970848083496094e+00,-5.074519634246826172e+00
-2.151168823242187500e+01,2.420205354690551758e+00,-3.805550575256347656e+00
-2.130895614624023438e+01,-3.732624530792236328e+00,-2.628529071807861328e+00
-1.997530364990234375e+01,9.223910331726074219e+00,-7.699464559555053711e-01
-2.119516944885253906e+01,3.273349761962890625e+00,5.049737095832824707e-01
-2.099149131774902344e+01,-2.908385992050170898e+00,1.687525391578674316e+00
-1.951961898803710938e+01,1.004323768615722656e+01,3.539769887924194336e+00
-2.073705101013183594e+01,4.104604721069335938e+00,4.812135696411132812e+00
-2.053370857238769531e+01,-2.064705371856689453e+00,5.992302894592285156e+00
-1.893339729309082031e+01,1.079542160034179688e+01,7.825799942016601562e+00
-2.014030265808105469e+01,4.908446311950683594e+00,9.087103843688964844e+00
-1.993881797790527344e+01,-1.207246899604797363e+00,1.025702381134033203e+01
-1.822032928466796875e+01,1.147523593902587891e+01,1.205941390991210938e+01
-1.940858078002929688e+01,5.679372310638427734e+00,1.330119895935058594e+01
-1.921018791198730469e+01,-3.416785299777984619e-01,1.445301151275634766e+01
-1.738559150695800781e+01,1.207845115661621094e+01,1.621244239807128906e+01
-1.854709815979003906e+01,6.412362098693847656e+00,1.742640876770019531e+01
-1.835325813293457031e+01,5.261652469635009766e-01,1.855243492126464844e+01
-1.643457031250000000e+01,1.260086154937744141e+01,2.025706291198730469e+01
-1.756175613403320312e+01,7.102469444274902344e+00,2.143510627746582031e+01
-1.737361526489257812e+01,1.390488266944885254e+00,2.252779960632324219e+01
-7.803042888641357422e+00,-1.137781715393066406e+01,-5.149205780029296875e+01
-6.788171291351318359e+00,-1.280379676818847656e+01,-5.131264114379882812e+01
-9.610455513000488281e+00,-1.206574249267578125e+01,-5.026739501953125000e+01
-8.891875267028808594e+00,-1.337876129150390625e+01,-5.008136367797851562e+01
-7.906440734863281250e+00,-1.446001148223876953e+01,-4.996615219116210938e+01
-1.100342369079589844e+01,-1.251402664184570312e+01,-4.877041625976562500e+01
-1.005281162261962891e+01,-1.425100898742675781e+01,-4.852431869506835938e+01
-8.749199867248535156e+00,-1.568139076232910156e+01,-4.837189865112304688e+01
-1.232284450531005859e+01,-1.287866210937500000e+01,-4.694749069213867188e+01
-1.114655971527099609e+01,-1.502800369262695312e+01,-4.664296722412109375e+01
-9.533495903015136719e+00,-1.679798126220703125e+01,-4.645435714721679688e+01
-1.355989646911621094e+01,-1.315725517272949219e+01,-4.481088638305664062e+01
-1.216586112976074219e+01,-1.570460605621337891e+01,-4.444996643066406250e+01
-1.025405883789062500e+01,-1.780228424072265625e+01,-4.422644805908203125e+01
-1.470616054534912109e+01,-1.334764194488525391e+01,-4.237377929687500000e+01
-1.310354900360107422e+01,-1.627588272094726562e+01,-4.195890808105468750e+01
-1.090591621398925781e+01,-1.868729400634765625e+01,-4.170194625854492188e+01
-1.575404262542724609e+01,-1.344882583618164062e+01,-3.965360641479492188e+01
-1.395375251770019531e+01,-1.673843002319335938e+01,-3.918752670288085938e+01
-1.148488140106201172e+01,-1.944740676879882812e+01,-3.889886474609375000e+01
-1.669669914245605469e+01,-1.346017551422119141e+01,-3.666856384277343750e+01
-1.471069717407226562e+01,-1.708918190002441406e+01,-3.615439605712890625e+01
-1.198713397979736328e+01,-2.007762527465820312e+01,-3.583595275878906250e+01
-1.752742958068847656e+01,-1.338124656677246094e+01,-3.343750762939453125e+01
-1.536900806427001953e+01,-1.732526779174804688e+01,-3.287870788574218750e+01
-1.240894889831542969e+01,-2.057311630249023438e+01,-3.253263092041015625e+01
-1.824104690551757812e+01,-1.321291732788085938e+01,-2.998303794860839844e+01
-1.592449188232421875e+01,-1.744561576843261719e+01,-2.938335227966308594e+01
-1.274786186218261719e+01,-2.093116188049316406e+01,-2.901194000244140625e+01
-1.883274841308593750e+01,-1.295629787445068359e+01,-2.632827186584472656e+01
-1.637377738952636719e+01,-1.744938278198242188e+01,-2.569168472290039062e+01
-1.300167560577392578e+01,-2.114947319030761719e+01,-2.529740524291992188e+01
-1.929812812805175781e+01,-1.261282348632812500e+01,-2.249706077575683594e+01
-1.671317291259765625e+01,-1.733618736267089844e+01,-2.182784461975097656e+01
-1.316827487945556641e+01,-2.122592163085937500e+01,-2.141335296630859375e+01
-1.963465499877929688e+01,-1.218504810333251953e+01,-1.851535224914550781e+01
-1.694088554382324219e+01,-1.710713577270507812e+01,-1.781798553466796875e+01
-1.324682617187500000e+01,-2.116044425964355469e+01,-1.738607215881347656e+01
-1.983995819091796875e+01,-1.167588138580322266e+01,-1.441010093688964844e+01
-1.705543899536132812e+01,-1.676383590698242188e+01,-1.368923187255859375e+01
-1.323695087432861328e+01,-2.095371627807617188e+01,-1.324276161193847656e+01
-1.991215896606445312e+01,-1.108840370178222656e+01,-1.020816326141357422e+01
-1.705558013916015625e+01,-1.630811882019042969e+01,-9.468621253967285156e+00
-1.313827037811279297e+01,-2.060641098022460938e+01,-9.010601043701171875e+00
-1.985143661499023438e+01,-1.042685222625732422e+01,-5.937963962554931641e+00
-1.694181632995605469e+01,-1.574327278137207031e+01,-5.184731960296630859e+00
-1.295178890228271484e+01,-2.012139511108398438e+01,-4.718201637268066406e+00
-1.965798759460449219e+01,-9.695619583129882812e+00,-1.628134369850158691e+00
-1.671480751037597656e+01,-1.507343387603759766e+01,-8.662003874778747559e-01
-1.267881393432617188e+01,-1.950200653076171875e+01,-3.942930698394775391e-01
-1.933276176452636719e+01,-8.899393081665039062e+00,2.692618846893310547e+00
-1.637580871582031250e+01,-1.430245685577392578e+01,3.458134651184082031e+00
-1.232081031799316406e+01,-1.875182914733886719e+01,3.932254076004028320e+00
-1.887838363647460938e+01,-8.043689727783203125e+00,6.995387077331542969e+00
-1.592734813690185547e+01,-1.343591976165771484e+01,7.759366989135742188e+00
-1.188042545318603516e+01,-1.787627410888671875e+01,8.232511520385742188e+00
-1.829779243469238281e+01,-7.134244918823242188e+00,1.125137710571289062e+01
-1.537236595153808594e+01,-1.247955322265625000e+01,1.200870132446289062e+01
-1.136071872711181641e+01,-1.688136482238769531e+01,1.247775363922119141e+01
-1.759458160400390625e+01,-6.176960945129394531e+00,1.543198013305664062e+01
-1.471440887451171875e+01,-1.143953514099121094e+01,1.617757987976074219e+01
-1.076482105255126953e+01,-1.577323627471923828e+01,1.663937377929687500e+01
-1.677373313903808594e+01,-5.178395748138427734e+00,1.950946235656738281e+01
-1.395818233489990234e+01,-1.032317161560058594e+01,2.023838806152343750e+01
-1.009699726104736328e+01,-1.455972003936767578e+01,2.068981552124023438e+01
-1.584087562561035156e+01,-4.145242691040039062e+00,2.345650672912597656e+01
-1.310860252380371094e+01,-9.137736320495605469e+00,2.416385078430175781e+01
-9.361701965332031250e+00,-1.324891281127929688e+01,2.460192108154296875e+01
-5.296200752258300781e+00,-1.350525188446044922e+01,-5.132015228271484375e+01
-6.714048862457275391e+00,-1.522697639465332031e+01,-4.993202209472656250e+01
-5.401367664337158203e+00,-1.563778972625732422e+01,-4.997875976562500000e+01
-7.171794891357421875e+00,-1.669598960876464844e+01,-4.832675552368164062e+01
-5.435256004333496094e+00,-1.723945808410644531e+01,-4.838858413696289062e+01
-7.581601619720458984e+00,-1.805340957641601562e+01,-4.639850234985351562e+01
-5.432810783386230469e+00,-1.872589874267578125e+01,-4.647500991821289062e+01
-7.940758228302001953e+00,-1.929024505615234375e+01,-4.416023254394531250e+01
-5.394079685211181641e+00,-2.008718490600585938e+01,-4.425091934204101562e+01
-8.246663093566894531e+00,-2.039768409729003906e+01,-4.162585067749023438e+01
-5.319157123565673828e+00,-2.131393432617187500e+01,-4.173007202148437500e+01
-8.497463226318359375e+00,-2.136891746520996094e+01,-3.881336593627929688e+01
-5.208710670471191406e+00,-2.239813613891601562e+01,-3.893046569824218750e+01
-8.691527366638183594e+00,-2.219735908508300781e+01,-3.574163436889648438e+01
-5.063468933105468750e+00,-2.333273124694824219e+01,-3.587082290649414062e+01
-8.827248573303222656e+00,-2.287693977355957031e+01,-3.243011093139648438e+01
-4.884252548217773438e+00,-2.411089515686035156e+01,-3.257051086425781250e+01
-8.904048919677734375e+00,-2.340352439880371094e+01,-2.890192985534667969e+01
-4.672408103942871094e+00,-2.472795867919921875e+01,-2.905257606506347656e+01
-8.921282768249511719e+00,-2.377395057678222656e+01,-2.518063545227050781e+01
-4.429347515106201172e+00,-2.517976379394531250e+01,-2.534056472778320312e+01
-8.878757476806640625e+00,-2.398487472534179688e+01,-2.129060363769531250e+01
-4.156612396240234375e+00,-2.546269035339355469e+01,-2.145873832702636719e+01
-8.776896476745605469e+00,-2.403551483154296875e+01,-1.725814628601074219e+01
-3.856062889099121094e+00,-2.557557106018066406e+01,-1.743334388732910156e+01
-8.616424560546875000e+00,-2.392561721801757812e+01,-1.311053085327148438e+01
-3.529773473739624023e+00,-2.551754188537597656e+01,-1.329163837432861328e+01
-8.398183822631835938e+00,-2.365523147583007812e+01,-8.874945640563964844e+00
-3.179821014404296875e+00,-2.528832435607910156e+01,-9.060752868652343750e+00
-8.123677253723144531e+00,-2.322679901123046875e+01,-4.580032825469970703e+00
-2.808599472045898438e+00,-2.489027786254882812e+01,-4.769260883331298828e+00
-7.795070171356201172e+00,-2.264318084716796875e+01,-2.545342445373535156e-01
-2.418625831604003906e+00,-2.432582473754882812e+01,-4.459548890590667725e-01
-7.414113044738769531e+00,-2.190781211853027344e+01,4.072678565979003906e+00
-2.012439966201782227e+00,-2.359830665588378906e+01,3.880350589752197266e+00
-6.983635425567626953e+00,-2.102601242065429688e+01,8.372676849365234375e+00
-1.592788338661193848e+00,-2.271313095092773438e+01,8.180737495422363281e+00
-6.506475448608398438e+00,-2.000360298156738281e+01,1.261667537689208984e+01
-1.162517905235290527e+00,-2.167611885070800781e+01,1.242641925811767578e+01
-5.985682964324951172e+00,-1.884718132019042969e+01,1.677614784240722656e+01
-7.244326472282409668e-01,-2.049383354187011719e+01,1.658884048461914062e+01
-5.424959659576416016e+00,-1.756490135192871094e+01,2.082354927062988281e+01
-2.815202772617340088e-01,-1.917453384399414062e+01,2.064040756225585938e+01
-4.827929019927978516e+00,-1.616514015197753906e+01,2.473169326782226562e+01
1.632845550775527954e-01,-1.772719383239746094e+01,2.455398368835449219e+01
-5.351637840270996094e+00,-1.078871917724609375e+01,-5.547579956054687500e+01
-3.576782703399658203e+00,-1.486609077453613281e+01,-5.407773590087890625e+01
-1.956469774246215820e+00,-1.346515464782714844e+01,-5.450649261474609375e+01
-2.331288337707519531e+00,-1.755351448059082031e+01,-5.271061706542968750e+01
-4.031512260437011719e+00,-1.804545211791992188e+01,-5.245093154907226562e+01
-8.236701488494873047e-01,-1.658359718322753906e+01,-5.304468154907226562e+01
3.892749249935150146e-01,-1.520130252838134766e+01,-5.343051528930664062e+01
-1.284173130989074707e+00,-1.959289741516113281e+01,-5.107273101806640625e+01
-3.533382415771484375e+00,-2.024370002746582031e+01,-5.072918701171875000e+01
7.102424502372741699e-01,-1.830981063842773438e+01,-5.151465606689453125e+01
2.314875125885009766e+00,-1.648122596740722656e+01,-5.202507019042968750e+01
-2.284569293260574341e-01,-2.150142669677734375e+01,-4.909350585937500000e+01
-3.011633634567260742e+00,-2.230668830871582031e+01,-4.866841506958007812e+01
2.239426136016845703e+00,-1.991367340087890625e+01,-4.964035797119140625e+01
4.224960803985595703e+00,-1.765096855163574219e+01,-5.027194213867187500e+01
8.287863731384277344e-01,-2.326628875732421875e+01,-4.678624343872070312e+01
-2.469760656356811523e+00,-2.422063446044921875e+01,-4.628244400024414062e+01
3.753615856170654297e+00,-2.138451957702636719e+01,-4.743435668945312500e+01
6.106916427612304688e+00,-1.870285415649414062e+01,-4.818289566040039062e+01
1.880451202392578125e+00,-2.487504577636718750e+01,-4.416533279418945312e+01
-1.911336660385131836e+00,-2.597215080261230469e+01,-4.358618927001953125e+01
5.242713928222656250e+00,-2.271199989318847656e+01,-4.491034698486328125e+01
7.947785854339599609e+00,-1.962922668457031250e+01,-4.577082443237304688e+01
2.919585466384887695e+00,-2.631769371032714844e+01,-4.124918746948242188e+01
-1.340127110481262207e+00,-2.755012893676757812e+01,-4.059858322143554688e+01
6.696728706359863281e+00,-2.388767433166503906e+01,-4.208613967895507812e+01
9.735601425170898438e+00,-2.042445564270019531e+01,-4.305280685424804688e+01
3.939194679260253906e+00,-2.758444023132324219e+01,-3.805744552612304688e+01
-7.599581480026245117e-01,-2.894406700134277344e+01,-3.733971023559570312e+01
8.106040954589843750e+00,-2.490367507934570312e+01,-3.898075485229492188e+01
1.145837879180908203e+01,-2.108322715759277344e+01,-4.004713439941406250e+01
4.932388305664062500e+00,-2.866625976562500000e+01,-3.461065673828125000e+01
-1.747209876775741577e-01,-3.014386177062988281e+01,-3.383062362670898438e+01
9.460935592651367188e+00,-2.575280570983886719e+01,-3.561411285400390625e+01
1.310433387756347656e+01,-2.160067367553710938e+01,-3.677307510375976562e+01
5.892615318298339844e+00,-2.955647087097167969e+01,-3.093256187438964844e+01
4.116975069046020508e-01,-3.114228820800781250e+01,-3.009542465209960938e+01
1.075262928009033203e+01,-2.642975425720214844e+01,-3.200946807861328125e+01
1.466274547576904297e+01,-2.197379302978515625e+01,-3.325324630737304688e+01
6.813472747802734375e+00,-3.024922180175781250e+01,-2.704773712158203125e+01
9.953622221946716309e-01,-3.193257904052734375e+01,-2.615910339355468750e+01
1.197250747680664062e+01,-2.693013191223144531e+01,-2.819090270996093750e+01
1.612311363220214844e+01,-2.220001602172851562e+01,-2.951119804382324219e+01
7.688655853271484375e+00,-3.073920059204101562e+01,-2.298155403137207031e+01
1.572376370429992676e+00,-3.250891494750976562e+01,-2.204736137390136719e+01
1.311210823059082031e+01,-2.725008773803710938e+01,-2.418329238891601562e+01
1.747544097900390625e+01,-2.227744293212890625e+01,-2.557127571105957031e+01
8.512454986572265625e+00,-3.102387619018554688e+01,-1.876186561584472656e+01
2.138860940933227539e+00,-3.286794281005859375e+01,-1.778839111328125000e+01
1.416404724121093750e+01,-2.738779830932617188e+01,-2.001419448852539062e+01
1.871096801757812500e+01,-2.220601081848144531e+01,-2.146055984497070312e+01
9.279414176940917969e+00,-3.110103416442871094e+01,-1.441676330566406250e+01
2.691059589385986328e+00,-3.300730514526367188e+01,-1.341047286987304688e+01
1.512135505676269531e+01,-2.734261703491210938e+01,-1.571124553680419922e+01
1.982150077819824219e+01,-2.198619651794433594e+01,-1.720635414123535156e+01
9.984132766723632812e+00,-3.096978378295898438e+01,-9.975062370300292969e+00
3.225199222564697266e+00,-3.292533111572265625e+01,-8.942734718322753906e+00
1.597730255126953125e+01,-2.711402893066406250e+01,-1.130306434631347656e+01
2.079915809631347656e+01,-2.161901473999023438e+01,-1.283686733245849609e+01
1.062209320068359375e+01,-3.063161468505859375e+01,-5.466551303863525391e+00
3.737808465957641602e+00,-3.262336349487304688e+01,-4.415090560913085938e+00
1.672648048400878906e+01,-2.670431709289550781e+01,-6.819194793701171875e+00
2.163783073425292969e+01,-2.110733032226562500e+01,-8.381463050842285156e+00
1.118911170959472656e+01,-3.008878898620605469e+01,-9.216760993003845215e-01
4.225431919097900391e+00,-3.210347366333007812e+01,1.419041305780410767e-01
1.736386680603027344e+01,-2.611614990234375000e+01,-2.289926052093505859e+00
2.233183860778808594e+01,-2.045458412170410156e+01,-3.870215415954589844e+00
1.168112277984619141e+01,-2.934410667419433594e+01,3.629411697387695312e+00
4.684735774993896484e+00,-3.136836433410644531e+01,4.698008537292480469e+00
1.788492965698242188e+01,-2.535288047790527344e+01,2.254744768142700195e+00
2.287622070312500000e+01,-1.966476821899414062e+01,6.670429110527038574e-01
1.209509754180908203e+01,-2.840340232849121094e+01,8.156260490417480469e+00
5.112724781036376953e+00,-3.042357254028320312e+01,9.222710609436035156e+00
1.828642845153808594e+01,-2.442017364501953125e+01,6.784352302551269531e+00
2.326764106750488281e+01,-1.874346351623535156e+01,5.199840068817138672e+00
1.242818927764892578e+01,-2.727295303344726562e+01,1.262862968444824219e+01
5.506562232971191406e+00,-2.927556419372558594e+01,1.368580532073974609e+01
1.856567001342773438e+01,-2.332428169250488281e+01,1.126863765716552734e+01
2.350367546081542969e+01,-1.769698715209960938e+01,9.697903633117675781e+00
1.267804908752441406e+01,-2.595965385437011719e+01,1.701631546020507812e+01
5.863470077514648438e+00,-2.793120956420898438e+01,1.805712318420410156e+01
1.872056961059570312e+01,-2.207208061218261719e+01,1.567736530303955078e+01
2.358199691772460938e+01,-1.653174972534179688e+01,1.413093090057373047e+01
1.284313392639160156e+01,-2.447280883789062500e+01,2.129033088684082031e+01
6.181211948394775391e+00,-2.640027427673339844e+01,2.230783843994140625e+01
1.875030899047851562e+01,-2.067236709594726562e+01,1.998138236999511719e+01
2.350295066833496094e+01,-1.525621128082275391e+01,1.846959304809570312e+01
1.292241096496582031e+01,-2.282248115539550781e+01,2.542200279235839844e+01
6.457632541656494141e+00,-2.469288253784179688e+01,2.640939521789550781e+01
1.865479278564453125e+01,-1.913451004028320312e+01,2.415178871154785156e+01
2.326670074462890625e+01,-1.387862396240234375e+01,2.268474388122558594e+01
-1.231437683105468750e+00,-1.130443668365478516e+01,-5.499664306640625000e+01
1.213845968246459961e+00,-1.348941421508789062e+01,-5.384298324584960938e+01
1.606621980667114258e+00,-1.157338333129882812e+01,-5.425349426269531250e+01
1.541060924530029297e+00,-9.582910537719726562e+00,-5.463426971435546875e+01
3.405648469924926758e+00,-1.421655368804931641e+01,-5.257071685791015625e+01
3.925239324569702148e+00,-1.168185520172119141e+01,-5.311378097534179688e+01
3.838528871536254883e+00,-9.048673629760742188e+00,-5.361750793457031250e+01
5.574706077575683594e+00,-1.484869861602783203e+01,-5.094712448120117188e+01
6.217702865600585938e+00,-1.171225261688232422e+01,-5.161911392211914062e+01
6.110372543334960938e+00,-8.453959465026855469e+00,-5.224242019653320312e+01
7.706544399261474609e+00,-1.538158130645751953e+01,-4.898311614990234375e+01
8.468623161315917969e+00,-1.166439151763916016e+01,-4.977953720092773438e+01
8.341393470764160156e+00,-7.802755832672119141e+00,-5.051826095581054688e+01
9.786738395690917969e+00,-1.581142044067382812e+01,-4.669069671630859375e+01
1.066265964508056641e+01,-1.153833675384521484e+01,-4.760620880126953125e+01
1.051645088195800781e+01,-7.099246025085449219e+00,-4.845540237426757812e+01
1.180150985717773438e+01,-1.613552856445312500e+01,-4.408619689941406250e+01
1.278556919097900391e+01,-1.133515548706054688e+01,-4.511468505859375000e+01
1.262126922607421875e+01,-6.348275661468505859e+00,-4.606866455078125000e+01
1.373738193511962891e+01,-1.635189056396484375e+01,-4.118711853027343750e+01
1.482299709320068359e+01,-1.105623626708984375e+01,-4.232172393798828125e+01
1.464179039001464844e+01,-5.554885864257812500e+00,-4.337412261962890625e+01
1.558118724822998047e+01,-1.645855712890625000e+01,-3.801203155517578125e+01
1.676102828979492188e+01,-1.070321941375732422e+01,-3.924512481689453125e+01
1.656404113769531250e+01,-4.724286556243896484e+00,-4.038888168334960938e+01
1.732080841064453125e+01,-1.645527648925781250e+01,-3.458288574218750000e+01
1.858702278137207031e+01,-1.027867507934570312e+01,-3.590623474121093750e+01
1.837566757202148438e+01,-3.862103462219238281e+00,-3.713371658325195312e+01
1.894474029541015625e+01,-1.634206008911132812e+01,-3.092262840270996094e+01
2.028885650634765625e+01,-9.785432815551757812e+00,-3.232740020751953125e+01
2.006447982788085938e+01,-2.974112272262573242e+00,-3.363039398193359375e+01
2.044176673889160156e+01,-1.611922836303710938e+01,-2.705505561828613281e+01
2.185469436645507812e+01,-9.226576805114746094e+00,-2.853181457519531250e+01
2.161889266967773438e+01,-2.066162586212158203e+00,-2.990159797668457031e+01
2.180203628540039062e+01,-1.578870868682861328e+01,-2.300676155090332031e+01
2.327456092834472656e+01,-8.606060028076171875e+00,-2.454566764831542969e+01
2.302875328063964844e+01,-1.144433140754699707e+00,-2.597306251525878906e+01
2.301674079895019531e+01,-1.535263824462890625e+01,-1.880466270446777344e+01
2.453875732421875000e+01,-7.928111076354980469e+00,-2.039538192749023438e+01
2.428472900390625000e+01,-2.150409072637557983e-01,-2.187088394165039062e+01
2.407704734802246094e+01,-1.481371402740478516e+01,-1.447654819488525391e+01
2.563850021362304688e+01,-7.196975708007812500e+00,-1.610845184326171875e+01
2.537782669067382812e+01,7.157704234123229980e-01,-1.762214469909667969e+01
2.497654342651367188e+01,-1.417572498321533203e+01,-1.005157375335693359e+01
2.656696319580078125e+01,-6.417644977569580078e+00,-1.171376037597656250e+01
2.630139923095703125e+01,1.641831517219543457e+00,-1.325551700592041016e+01
2.570908737182617188e+01,-1.344305133819580078e+01,-5.559587955474853516e+00
2.731790161132812500e+01,-5.595520019531250000e+00,-7.240944385528564453e+00
2.704924583435058594e+01,2.556895732879638672e+00,-8.800477981567382812e+00
2.626929855346679688e+01,-1.262032890319824219e+01,-1.030255794525146484e+00
2.788559532165527344e+01,-4.735905647277832031e+00,-2.719508886337280273e+00
2.761577224731445312e+01,3.454831600189208984e+00,-4.286382675170898438e+00
2.665393829345703125e+01,-1.171322441101074219e+01,3.505957126617431641e+00
2.826700973510742188e+01,-3.844648122787475586e+00,1.820097088813781738e+00
2.799769592285156250e+01,4.329673290252685547e+00,2.563666999340057373e-01
2.686045455932617188e+01,-1.072777843475341797e+01,8.018736839294433594e+00
2.845956420898437500e+01,-2.927617549896240234e+00,6.347528934478759766e+00
2.819260978698730469e+01,5.175594329833984375e+00,4.797399997711181641e+00
2.688697242736816406e+01,-9.670536041259765625e+00,1.247776412963867188e+01
2.846133995056152344e+01,-1.991059422492980957e+00,1.083241271972656250e+01
2.819844436645507812e+01,5.986805915832519531e+00,9.306269645690917969e+00
2.673380088806152344e+01,-8.548590660095214844e+00,1.685344696044921875e+01
2.827286148071289062e+01,-1.041140794754028320e+00,1.524495601654052734e+01
2.801591682434082031e+01,6.758029460906982422e+00,1.375299072265625000e+01
2.640197753906250000e+01,-7.369594097137451172e+00,2.111643791198730469e+01
2.789548110961914062e+01,-8.429294079542160034e-02,1.955554580688476562e+01
2.764612197875976562e+01,7.484071731567382812e+00,1.810773468017578125e+01
-1.588594913482666016e+00,-8.970049858093261719e+00,-5.541616821289062500e+01
-2.933290719985961914e+00,-7.080632209777832031e+00,-5.565389633178710938e+01
1.006941318511962891e+00,-7.653857707977294922e+00,-5.495789718627929688e+01
5.483790114521980286e-02,-5.914113521575927734e+00,-5.520438766479492188e+01
-1.250842928886413574e+00,-4.481458663940429688e+00,-5.535705184936523438e+01
3.131926536560058594e+00,-6.496747016906738281e+00,-5.404563140869140625e+01
1.872406721115112305e+00,-4.195254325866699219e+00,-5.437171173095703125e+01
1.451666802167892456e-01,-2.299967050552368164e+00,-5.457367706298828125e+01
5.236058235168457031e+00,-5.296201705932617188e+00,-5.277218627929687500e+01
3.677472591400146484e+00,-2.448339700698852539e+00,-5.317567443847656250e+01
1.540174841880798340e+00,-1.031520068645477295e-01,-5.342557525634765625e+01
7.305205345153808594e+00,-4.060266971588134766e+00,-5.114612579345703125e+01
5.458007812500000000e+00,-6.851012110710144043e-01,-5.162431716918945312e+01
2.924962759017944336e+00,2.094460725784301758e+00,-5.192052078247070312e+01
9.325270652770996094e+00,-2.797129392623901367e+00,-4.917715072631835938e+01
7.201949119567871094e+00,1.082812547683715820e+00,-4.972687149047851562e+01
4.290039539337158203e+00,4.277876377105712891e+00,-5.006732940673828125e+01
1.128314208984375000e+01,-1.515261054039001465e+00,-4.687948226928710938e+01
8.897759437561035156e+00,2.843444347381591797e+00,-4.749703598022460938e+01
5.626491069793701172e+00,6.432775020599365234e+00,-4.787950134277343750e+01
1.316557407379150391e+01,-2.232851237058639526e-01,-4.426858520507812500e+01
1.053405380249023438e+01,4.585126876831054688e+00,-4.494984817504882812e+01
6.925355911254882812e+00,8.544702529907226562e+00,-4.537176895141601562e+01
1.495971965789794922e+01,1.070173144340515137e+00,-4.136100006103515625e+01
1.209978199005126953e+01,6.295975685119628906e+00,-4.210140228271484375e+01
8.177786827087402344e+00,1.059933185577392578e+01,-4.255995559692382812e+01
1.665386581420898438e+01,2.356478214263916016e+00,-3.817698287963867188e+01
1.358458137512207031e+01,7.964782714843750000e+00,-3.897157669067382812e+01
9.375589370727539062e+00,1.258316516876220703e+01,-3.946371078491210938e+01
1.823676872253417969e+01,3.627043008804321289e+00,-3.473784637451171875e+01
1.497864627838134766e+01,9.580409049987792969e+00,-3.558132934570312500e+01
1.051069831848144531e+01,1.448284626007080078e+01,-3.610372161865234375e+01
1.969743728637695312e+01,4.873296260833740234e+00,-3.106579780578613281e+01
1.627240753173828125e+01,1.113178730010986328e+01,-3.195251846313476562e+01
1.157537841796875000e+01,1.628549003601074219e+01,-3.250167846679687500e+01
2.102655220031738281e+01,6.086966037750244141e+00,-2.718624877929687500e+01
1.745727539062500000e+01,1.260873413085937500e+01,-2.811025619506835938e+01
1.256268787384033203e+01,1.797927474975585938e+01,-2.868252754211425781e+01
2.221499824523925781e+01,7.260026454925537109e+00,-2.312494277954101562e+01
1.852561759948730469e+01,1.400144386291503906e+01,-2.408008193969726562e+01
1.346607971191406250e+01,1.955296516418457031e+01,-2.467163658142089844e+01
2.325457954406738281e+01,8.384370803833007812e+00,-1.890867996215820312e+01
1.946965217590332031e+01,1.530030441284179688e+01,-1.988854026794433594e+01
1.427919769287109375e+01,2.099557495117187500e+01,-2.049542045593261719e+01
2.413883590698242188e+01,9.452649116516113281e+00,-1.456591701507568359e+01
2.028367996215820312e+01,1.649692344665527344e+01,-1.556396102905273438e+01
1.499690437316894531e+01,2.229789924621582031e+01,-1.618210792541503906e+01
2.486177253723144531e+01,1.045779228210449219e+01,-1.012599277496337891e+01
2.096211242675781250e+01,1.758327293395996094e+01,-1.113553619384765625e+01
1.561433887481689453e+01,2.345112991333007812e+01,-1.176080608367919922e+01
2.541792488098144531e+01,1.139284324645996094e+01,-5.618114471435546875e+00
2.150000953674316406e+01,1.855184173583984375e+01,-6.632415771484375000e+00
1.612715721130371094e+01,2.444724273681640625e+01,-7.260622024536132812e+00
2.580428314208984375e+01,1.225178337097167969e+01,-1.072700500488281250e+00
2.189422225952148438e+01,1.939638710021972656e+01,-2.084959983825683594e+00
1.653214454650878906e+01,2.527988815307617188e+01,-2.711891651153564453e+00
2.601826095581054688e+01,1.302878475189208984e+01,3.479896783828735352e+00
2.214213562011718750e+01,2.011125183105468750e+01,2.476448059082031250e+00
1.682672309875488281e+01,2.594370841979980469e+01,1.854941368103027344e+00
2.605780029296875000e+01,1.371853637695312500e+01,8.009136199951171875e+00
2.224164390563964844e+01,2.069142341613769531e+01,7.021213054656982422e+00
1.700839614868164062e+01,2.643344497680664062e+01,6.409367561340332031e+00
2.592315864562988281e+01,1.431656169891357422e+01,1.248492050170898438e+01
2.219252967834472656e+01,2.113326072692871094e+01,1.151912212371826172e+01
1.707656288146972656e+01,2.674678039550781250e+01,1.092095279693603516e+01
2.561531448364257812e+01,1.481892395019531250e+01,1.687718963623046875e+01
2.199508857727050781e+01,2.143391799926757812e+01,1.593996620178222656e+01
1.703051376342773438e+01,2.688121795654296875e+01,1.535951900482177734e+01
-4.910144329071044922e+00,-6.151212692260742188e+00,-5.564394378662109375e+01
-2.830754756927490234e+00,-3.465251922607421875e+00,-5.540226745605468750e+01
-4.570047378540039062e+00,-2.920938968658447266e+00,-5.534033584594726562e+01
-6.350987434387207031e+00,-2.885314226150512695e+00,-5.517546081542968750e+01
-1.944909453392028809e+00,-9.556844830513000488e-01,-5.463348388671875000e+01
-4.245802402496337891e+00,-2.356272637844085693e-01,-5.455155563354492188e+01
-6.601797103881835938e+00,-1.884764879941940308e-01,-5.433344650268554688e+01
-1.046053409576416016e+00,1.560287237167358398e+00,-5.349958801269531250e+01
-3.893190622329711914e+00,2.451347351074218750e+00,-5.339822006225585938e+01
-6.808491706848144531e+00,2.509651660919189453e+00,-5.312832641601562500e+01
-1.402500420808792114e-01,4.065867424011230469e+00,-5.200821685791015625e+01
-3.514564990997314453e+00,5.121944904327392578e+00,-5.188808441162109375e+01
-6.969693183898925781e+00,5.191017150878906250e+00,-5.156820678710937500e+01
7.665632963180541992e-01,6.544210433959960938e+00,-5.016817474365234375e+01
-3.112361907958984375e+00,7.758081912994384766e+00,-5.003005218505859375e+01
-7.084161281585693359e+00,7.837535381317138672e+00,-4.966235351562500000e+01
1.668212771415710449e+00,8.978807449340820312e+00,-4.799279785156250000e+01
-2.689365625381469727e+00,1.034252548217773438e+01,-4.783763885498046875e+01
-7.151286602020263672e+00,1.043172836303710938e+01,-4.742455673217773438e+01
2.558777332305908203e+00,1.135335540771484375e+01,-4.549674987792968750e+01
-2.248399972915649414e+00,1.285780429840087891e+01,-4.532559204101562500e+01
-7.170636653900146484e+00,1.295625877380371094e+01,-4.486989974975585938e+01
3.432094573974609375e+00,1.365182113647460938e+01,-4.269578170776367188e+01
-1.792362809181213379e+00,1.528685092926025391e+01,-4.250976562500000000e+01
-7.141904830932617188e+00,1.539379405975341797e+01,-4.201450347900390625e+01
4.282523155212402344e+00,1.585898876190185547e+01,-3.960946273803710938e+01
-1.324341416358947754e+00,1.761370658874511719e+01,-3.940982818603515625e+01
-7.065455913543701172e+00,1.772853851318359375e+01,-3.887832641601562500e+01
5.104357719421386719e+00,1.796023750305175781e+01,-3.625845336914062500e+01
-8.474789261817932129e-01,1.982291412353515625e+01,-3.604653549194335938e+01
-6.941786766052246094e+00,1.994478988647460938e+01,-3.548233413696289062e+01
5.891921997070312500e+00,1.994120025634765625e+01,-3.266435623168945312e+01
-3.649386167526245117e-01,2.189925765991210938e+01,-3.244156265258789062e+01
-6.771596908569335938e+00,2.202746391296386719e+01,-3.184845924377441406e+01
6.640123367309570312e+00,2.178872299194335938e+01,-2.885203742980957031e+01
1.200071722269058228e-01,2.382933425903320312e+01,-2.861990356445312500e+01
-6.556150913238525391e+00,2.396283531188964844e+01,-2.800183105468750000e+01
7.343928813934326172e+00,2.349079895019531250e+01,-2.484685897827148438e+01
6.042503118515014648e-01,2.560001564025878906e+01,-2.460688781738281250e+01
-6.296885490417480469e+00,2.573808479309082031e+01,-2.396800231933593750e+01
7.998548507690429688e+00,2.503527069091796875e+01,-2.067516517639160156e+01
1.084387660026550293e+00,2.719913291931152344e+01,-2.042898941040039062e+01
-5.995400905609130859e+00,2.734070014953613281e+01,-1.977354812622070312e+01
8.599688529968261719e+00,2.641255760192871094e+01,-1.636518478393554688e+01
1.557222366333007812e+00,2.861656379699707031e+01,-1.611443901062011719e+01
-5.653847694396972656e+00,2.876069450378417969e+01,-1.544683074951171875e+01
9.143356323242187500e+00,2.761327552795410156e+01,-1.194600105285644531e+01
2.019687414169311523e+00,2.984275817871093750e+01,-1.169237613677978516e+01
-5.274536609649658203e+00,2.998851585388183594e+01,-1.101706409454345703e+01
9.625808715820312500e+00,2.862889862060546875e+01,-7.446682453155517578e+00
2.468654870986938477e+00,3.086876869201660156e+01,-7.191847801208496094e+00
-4.859861373901367188e+00,3.101531791687011719e+01,-6.513381004333496094e+00
1.004389667510986328e+01,2.945318031311035156e+01,-2.897589445114135742e+00
2.901127576828002930e+00,3.168857574462890625e+01,-2.643271684646606445e+00
-4.412700176239013672e+00,3.183479881286621094e+01,-1.966158628463745117e+00
1.039480876922607422e+01,3.008063507080078125e+01,1.670881748199462891e+00
3.314139366149902344e+00,3.229666900634765625e+01,1.922973990440368652e+00
-3.936063766479492188e+00,3.244163513183593750e+01,2.594193696975708008e+00
1.067613601684570312e+01,3.050650787353515625e+01,6.228114604949951172e+00
3.705019712448120117e+00,3.268825149536132812e+01,6.476306915283203125e+00
-3.433028697967529297e+00,3.283089447021484375e+01,7.137158870697021484e+00
1.088606357574462891e+01,3.072850799560546875e+01,1.074378681182861328e+01
4.071108818054199219e+00,3.286133193969726562e+01,1.098642826080322266e+01
-2.907059431076049805e+00,3.300085449218750000e+01,1.163246440887451172e+01
1.102329063415527344e+01,3.074514770507812500e+01,1.518758201599121094e+01
4.409994125366210938e+00,3.281484603881835938e+01,1.542304611206054688e+01
-2.361663579940795898e+00,3.295021438598632812e+01,1.604996871948242188e+01
-6.983452320098876953e+00,-6.422982215881347656e+00,-5.539108276367187500e+01
-8.603765487670898438e+00,-7.823918342590332031e+00,-5.496232604980468750e+01
-8.051212310791015625e+00,-3.377250194549560547e+00,-5.491577529907226562e+01
-9.558830261230468750e+00,-4.347168445587158203e+00,-5.458171081542968750e+01
-1.077177524566650391e+01,-5.729463100433349609e+00,-5.419587707519531250e+01
-8.851006507873535156e+00,-8.392776846885681152e-01,-5.398990631103515625e+01
-1.084542179107666016e+01,-2.122364282608032227e+00,-5.354797744750976562e+01
-1.245005512237548828e+01,-3.950949430465698242e+00,-5.303756713867187500e+01
-9.591668128967285156e+00,1.704390406608581543e+00,-5.270323562622070312e+01
-1.205955123901367188e+01,1.166371852159500122e-01,-5.215638351440429688e+01
-1.404508590698242188e+01,-2.146069049835205078e+00,-5.152479934692382812e+01
-1.026824092864990234e+01,4.236672401428222656e+00,-5.106440734863281250e+01
-1.319307041168212891e+01,2.354903221130371094e+00,-5.041629409790039062e+01
-1.554637050628662109e+01,-3.267628848552703857e-01,-4.966775894165039062e+01
-1.087594890594482422e+01,6.740430355072021484e+00,-4.908320617675781250e+01
-1.423821163177490234e+01,4.577383995056152344e+00,-4.833819580078125000e+01
-1.694328308105468750e+01,1.494610786437988281e+00,-4.747771453857421875e+01
-1.141099929809570312e+01,9.199293136596679688e+00,-4.677395248413085938e+01
-1.518814182281494141e+01,6.769275188446044922e+00,-4.593699645996093750e+01
-1.822701454162597656e+01,3.306056022644042969e+00,-4.497032928466796875e+01
-1.186978912353515625e+01,1.159663200378417969e+01,-4.415216827392578125e+01
-1.603663635253906250e+01,8.915867805480957031e+00,-4.322885513305664062e+01
-1.938897323608398438e+01,5.095418453216552734e+00,-4.216247558593750000e+01
-1.224901390075683594e+01,1.391619205474853516e+01,-4.123447036743164062e+01
-1.677756118774414062e+01,1.100273799896240234e+01,-4.023101425170898438e+01
-2.042095947265625000e+01,6.850606441497802734e+00,-3.907205200195312500e+01
-1.254637336730957031e+01,1.614272117614746094e+01,-3.804119110107421875e+01
-1.740638732910156250e+01,1.301600456237792969e+01,-3.696428298950195312e+01
-2.131650352478027344e+01,8.560043334960937500e+00,-3.572050476074218750e+01
-1.275989723205566406e+01,1.826143455505371094e+01,-3.459370040893554688e+01
-1.791893196105957031e+01,1.494234275817871094e+01,-3.345053482055664062e+01
-2.206953811645507812e+01,1.021222686767578125e+01,-3.213023757934570312e+01
-1.288787651062011719e+01,2.025774955749511719e+01,-3.091426658630371094e+01
-1.831132888793945312e+01,1.676863670349121094e+01,-2.971252822875976562e+01
-2.267466163635253906e+01,1.179599285125732422e+01,-2.832454681396484375e+01
-1.292974472045898438e+01,2.211877059936523438e+01,-2.702835655212402344e+01
-1.858133697509765625e+01,1.848269271850585938e+01,-2.577602958679199219e+01
-2.312825775146484375e+01,1.330090427398681641e+01,-2.432966232299804688e+01
-1.288523960113525391e+01,2.383181190490722656e+01,-2.296171188354492188e+01
-1.872718048095703125e+01,2.007339668273925781e+01,-2.166722869873046875e+01
-2.342732620239257812e+01,1.471697521209716797e+01,-2.017211914062500000e+01
-1.275433444976806641e+01,2.538515090942382812e+01,-1.874121856689453125e+01
-1.874750518798828125e+01,2.152939796447753906e+01,-1.741321754455566406e+01
-2.356935882568359375e+01,1.603438377380371094e+01,-1.587941455841064453e+01
-1.253813266754150391e+01,2.676894378662109375e+01,-1.439537048339843750e+01
-1.864251899719238281e+01,2.284164810180664062e+01,-1.304272747039794922e+01
-2.355386924743652344e+01,1.724466133117675781e+01,-1.148045825958251953e+01
-1.223821640014648438e+01,2.797383117675781250e+01,-9.953483581542968750e+00
-1.841297149658203125e+01,2.400119018554687500e+01,-8.585233688354492188e+00
-2.338094329833984375e+01,1.833962631225585938e+01,-7.004944324493408203e+00
-1.185624790191650391e+01,2.899106025695800781e+01,-5.444784164428710938e+00
-1.806005477905273438e+01,2.499983406066894531e+01,-4.070116996765136719e+00
-2.305134582519531250e+01,1.931172180175781250e+01,-2.482415199279785156e+00
-1.139507293701171875e+01,2.981462860107421875e+01,-8.997083306312561035e-01
-1.758640289306640625e+01,2.583139991760253906e+01,4.721997082233428955e-01
-2.256761741638183594e+01,2.015468978881835938e+01,2.056711912155151367e+00
-1.085769081115722656e+01,3.043902397155761719e+01,3.651369333267211914e+00
-1.699517250061035156e+01,2.649035453796386719e+01,5.011361598968505859e+00
-2.193317604064941406e+01,2.086305809020996094e+01,6.582095623016357422e+00
-1.024760818481445312e+01,3.085934066772460938e+01,8.177968025207519531e+00
-1.629012870788574219e+01,2.697176742553710938e+01,9.516918182373046875e+00
-2.115155601501464844e+01,2.143143653869628906e+01,1.106335258483886719e+01
-9.568982124328613281e+00,3.107338714599609375e+01,1.264997291564941406e+01
-1.547615718841552734e+01,2.727294540405273438e+01,1.395892143249511719e+01
-2.022879791259765625e+01,2.185679054260253906e+01,1.547071170806884766e+01
-8.826441764831542969e+00,3.107981300354003906e+01,1.703736114501953125e+01
-1.455882358551025391e+01,2.739184188842773438e+01,1.830757331848144531e+01
-1.917073059082031250e+01,2.213595771789550781e+01,1.977462005615234375e+01
-9.328797340393066406e+00,-9.984636306762695312e+00,-5.447217559814453125e+01
-1.159634590148925781e+01,-7.441351890563964844e+00,-5.378341293334960938e+01
-1.198912239074707031e+01,-9.357382774353027344e+00,-5.337289810180664062e+01
-1.192356109619140625e+01,-1.134785461425781250e+01,-5.299212646484375000e+01
-1.354082775115966797e+01,-6.215622425079345703e+00,-5.249191665649414062e+01
-1.406041908264160156e+01,-8.750320434570312500e+00,-5.194885253906250000e+01
-1.397370815277099609e+01,-1.138350200653076172e+01,-5.144512939453125000e+01
-1.539483165740966797e+01,-4.948338508605957031e+00,-5.084961700439453125e+01
-1.603782844543457031e+01,-8.084784507751464844e+00,-5.017762374877929688e+01
-1.593049812316894531e+01,-1.134307765960693359e+01,-4.955431747436523438e+01
-1.714599800109863281e+01,-3.648035764694213867e+00,-4.886753463745117188e+01
-1.790807723999023438e+01,-7.365225791931152344e+00,-4.807111358642578125e+01
-1.778084754943847656e+01,-1.122686100006103516e+01,-4.733239364624023438e+01
-1.878223609924316406e+01,-2.323196172714233398e+00,-4.655784225463867188e+01
-1.965815734863281250e+01,-6.596279144287109375e+00,-4.564233398437500000e+01
-1.951194953918457031e+01,-1.103536987304687500e+01,-4.479314041137695312e+01
-2.029292297363281250e+01,-9.828722476959228516e-01,-4.393694305419921875e+01
-2.127698326110839844e+01,-5.783244132995605469e+00,-4.290845489501953125e+01
-2.111268234252929688e+01,-1.077012443542480469e+01,-4.195447540283203125e+01
-2.166797637939453125e+01,3.640829026699066162e-01,-4.102249145507812500e+01
-2.275359153747558594e+01,-4.931571483612060547e+00,-3.988788604736328125e+01
-2.257238388061523438e+01,-1.043292236328125000e+01,-3.883548736572265625e+01
-2.289781188964843750e+01,1.708488941192626953e+00,-3.783309555053710938e+01
-2.407765579223632812e+01,-4.046848297119140625e+00,-3.660000610351562500e+01
-2.388066673278808594e+01,-1.002578163146972656e+01,-3.545624923706054688e+01
-2.397456741333007812e+01,3.041527271270751953e+00,-3.439086914062500000e+01
-2.524077987670898438e+01,-3.135074615478515625e+00,-3.306751632690429688e+01
-2.502942466735839844e+01,-9.551645278930664062e+00,-3.184003639221191406e+01
-2.489116477966308594e+01,4.354271411895751953e+00,-3.071880912780761719e+01
-2.623528099060058594e+01,-2.202356100082397461e+00,-2.931403732299804688e+01
-2.601090431213378906e+01,-9.013676643371582031e+00,-2.801104354858398438e+01
-2.564098739624023438e+01,5.637776851654052734e+00,-2.684076499938964844e+01
-2.705391502380371094e+01,-1.254874110221862793e+00,-2.536400604248046875e+01
-2.681811523437500000e+01,-8.415288925170898438e+00,-2.399422454833984375e+01
-2.621932601928710938e+01,6.883603096008300781e+00,-2.278346252441406250e+01
-2.769185066223144531e+01,-2.990454435348510742e-01,-2.124455642700195312e+01
-2.744604492187500000e+01,-7.760672569274902344e+00,-1.981716156005859375e+01
-2.662256813049316406e+01,8.083416938781738281e+00,-1.857381248474121094e+01
-2.814458274841308594e+01,6.588895320892333984e-01,-1.698309326171875000e+01
-2.789055442810058594e+01,-7.054180622100830078e+00,-1.550759029388427734e+01
-2.684724807739257812e+01,9.229082107543945312e+00,-1.423973464965820312e+01
-2.840870094299316406e+01,1.612344264984130859e+00,-1.260783004760742188e+01
-2.814802932739257812e+01,-6.300402164459228516e+00,-1.109413623809814453e+01
-2.689258193969726562e+01,1.031305503845214844e+01,-9.810347557067871094e+00
-2.848300361633300781e+01,2.554975032806396484e+00,-8.148161888122558594e+00
-2.821743965148925781e+01,-5.504501342773437500e+00,-6.606404304504394531e+00
-2.675819206237792969e+01,1.132809162139892578e+01,-5.315571784973144531e+00
-2.836700630187988281e+01,3.480560779571533203e+00,-3.634215116500854492e+00
-2.809835052490234375e+01,-4.671854972839355469e+00,-2.074681520462036133e+00
-2.644442367553710938e+01,1.226728248596191406e+01,-7.851164937019348145e-01
-2.806072044372558594e+01,4.382859230041503906e+00,9.041366577148437500e-01
-2.779089736938476562e+01,-3.807878017425537109e+00,2.471010208129882812e+00
-2.595391464233398438e+01,1.312445068359375000e+01,3.750594854354858398e+00
-2.756698417663574219e+01,5.255874633789062500e+00,5.436454772949218750e+00
-2.729767036437988281e+01,-2.918447017669677734e+00,7.000185012817382812e+00
-2.528995513916015625e+01,1.389384937286376953e+01,8.261261940002441406e+00
-2.688906478881835938e+01,6.093688964843750000e+00,9.932470321655273438e+00
-2.662211227416992188e+01,-2.009522914886474609e+00,1.148259925842285156e+01
-2.445653152465820312e+01,1.457022285461425781e+01,1.271651840209960938e+01
-2.603089904785156250e+01,6.890746116638183594e+00,1.436186981201171875e+01
-2.576800346374511719e+01,-1.087119221687316895e+00,1.588801288604736328e+01
-2.345965003967285156e+01,1.514916992187500000e+01,1.708685684204101562e+01
-2.499870872497558594e+01,7.641720294952392578e+00,1.869534683227539062e+01
-2.474176406860351562e+01,-1.574503332376480103e-01,2.018731307983398438e+01
-2.230600738525390625e+01,1.562692737579345703e+01,2.134292411804199219e+01
-2.379951095581054688e+01,8.341626167297363281e+00,2.290381622314453125e+01
-2.355015182495117188e+01,7.732611298561096191e-01,2.435162734985351562e+01
-8.971640586853027344e+00,-1.231902313232421875e+01,-5.405264663696289062e+01
-7.626944065093994141e+00,-1.420844078063964844e+01,-5.381492233276367188e+01
-1.138944149017333984e+01,-1.327690792083740234e+01,-5.266849517822265625e+01
-1.043733787536621094e+01,-1.501665210723876953e+01,-5.242200469970703125e+01
-9.131657600402832031e+00,-1.644930648803710938e+01,-5.226934432983398438e+01
-1.326710605621337891e+01,-1.393542861938476562e+01,-5.101700210571289062e+01
-1.200758647918701172e+01,-1.623692131042480469e+01,-5.069092178344726562e+01
-1.028034591674804688e+01,-1.813220787048339844e+01,-5.048895645141601562e+01
-1.505618381500244141e+01,-1.450083541870117188e+01,-4.902455520629882812e+01
-1.349759769439697266e+01,-1.734869766235351562e+01,-4.862106704711914062e+01
-1.136030006408691406e+01,-1.969388580322265625e+01,-4.837116241455078125e+01
-1.674465942382812500e+01,-1.496934986114501953e+01,-4.670452880859375000e+01
-1.489746189117431641e+01,-1.834451484680175781e+01,-4.622633361816406250e+01
-1.236441707611083984e+01,-2.112407684326171875e+01,-4.593013381958007812e+01
-1.832076835632324219e+01,-1.533748626708984375e+01,-4.407139205932617188e+01
-1.619744682312011719e+01,-1.921742820739746094e+01,-4.352166748046875000e+01
-1.328553771972656250e+01,-2.241249275207519531e+01,-4.318120956420898438e+01
-1.977455520629882812e+01,-1.560313892364501953e+01,-4.114365386962890625e+01
-1.738917350769042969e+01,-1.996184349060058594e+01,-4.052610397338867188e+01
-1.411790466308593750e+01,-2.355117416381835938e+01,-4.014363479614257812e+01
-2.109616851806640625e+01,-1.576452255249023438e+01,-3.794102478027343750e+01
-1.846464920043945312e+01,-2.057293510437011719e+01,-3.725976181030273438e+01
-1.485595035552978516e+01,-2.453251075744628906e+01,-3.683784103393554688e+01
-2.227634620666503906e+01,-1.582024097442626953e+01,-3.448413085937500000e+01
-1.941640853881835938e+01,-2.104604339599609375e+01,-3.374372863769531250e+01
-1.549441337585449219e+01,-2.534939956665039062e+01,-3.328517532348632812e+01
-2.330762290954589844e+01,-1.577022743225097656e+01,-3.079676818847656250e+01
-2.023834037780761719e+01,-2.137853240966796875e+01,-3.000217437744140625e+01
-1.602934837341308594e+01,-2.599691390991210938e+01,-2.951004219055175781e+01
-2.418319511413574219e+01,-1.561483192443847656e+01,-2.690359115600585938e+01
-2.092506980895996094e+01,-2.156819725036621094e+01,-2.606010818481445312e+01
-1.645712280273437500e+01,-2.647063446044921875e+01,-2.553771591186523438e+01
-2.489665794372558594e+01,-1.535474777221679688e+01,-2.283002281188964844e+01
-2.147162818908691406e+01,-2.161323928833007812e+01,-2.194330215454101562e+01
-1.677459907531738281e+01,-2.676694107055664062e+01,-2.139414215087890625e+01
-2.544384193420410156e+01,-1.499207210540771484e+01,-1.860397529602050781e+01
-2.187456512451171875e+01,-2.151383972167968750e+01,-1.767996597290039062e+01
-1.697997856140136719e+01,-2.688438224792480469e+01,-1.710769653320312500e+01
-2.582082366943359375e+01,-1.452924823760986328e+01,-1.425353145599365234e+01
-2.213144302368164062e+01,-2.127066612243652344e+01,-1.329839324951171875e+01
-1.707190513610839844e+01,-2.682218742370605469e+01,-1.270683860778808594e+01
-2.602478218078613281e+01,-1.396900177001953125e+01,-9.807601928710937500e+00
-2.223985481262207031e+01,-2.088493537902832031e+01,-8.827742576599121094e+00
-1.704940032958984375e+01,-2.658020591735839844e+01,-8.220860481262207031e+00
-2.605487442016601562e+01,-1.331531906127929688e+01,-5.296004772186279297e+00
-2.219972038269042969e+01,-2.035959243774414062e+01,-4.297960758209228516e+00
-1.691294288635253906e+01,-2.616056823730468750e+01,-3.679813861846923828e+00
-2.591087722778320312e+01,-1.257275199890136719e+01,-7.491667866706848145e-01
-2.201121711730957031e+01,-1.969823074340820312e+01,2.603767514228820801e-01
-1.666344261169433594e+01,-2.556608963012695312e+01,8.856460452079772949e-01
-2.559305000305175781e+01,-1.174588966369628906e+01,3.802742242813110352e+00
-2.167513465881347656e+01,-1.890488815307617188e+01,4.817043304443359375e+00
-1.630228233337402344e+01,-2.480028915405273438e+01,5.445250034332275391e+00
-2.510425758361816406e+01,-1.084055709838867188e+01,8.329252243041992188e+00
-2.119419670104980469e+01,-1.798516082763671875e+01,9.341511726379394531e+00
-1.583211898803710938e+01,-2.386866188049316406e+01,9.968443870544433594e+00
-2.444776344299316406e+01,-9.862712860107421875e+00,1.280010223388671875e+01
-2.057163619995117188e+01,-1.694517898559570312e+01,1.380355072021484375e+01
-1.525622463226318359e+01,-2.277763748168945312e+01,1.442505741119384766e+01
-2.362735748291015625e+01,-8.818849563598632812e+00,1.718514633178710938e+01
-1.981120300292968750e+01,-1.579173564910888672e+01,1.817306900024414062e+01
-1.457795429229736328e+01,-2.153375816345214844e+01,1.878491592407226562e+01
-2.264900588989257812e+01,-7.715982437133789062e+00,2.145538330078125000e+01
-1.891837692260742188e+01,-1.453268146514892578e+01,2.242118263244628906e+01
-1.380241107940673828e+01,-2.014620018005371094e+01,2.301935195922851562e+01
-2.151934432983398438e+01,-6.561591148376464844e+00,2.558217430114746094e+01
-1.789912033081054688e+01,-1.317658424377441406e+01,2.651939582824707031e+01
-1.293454456329345703e+01,-1.862388610839843750e+01,2.709984397888183594e+01
-5.650090694427490234e+00,-1.513786029815673828e+01,-5.382487487792968750e+01
-7.551745414733886719e+00,-1.746551322937011719e+01,-5.222412490844726562e+01
-5.812452793121337891e+00,-1.800982666015625000e+01,-5.228605651855468750e+01
-8.190270423889160156e+00,-1.947649192810058594e+01,-5.042914962768554688e+01
-5.889377117156982422e+00,-2.019654846191406250e+01,-5.051108169555664062e+01
-8.774071693420410156e+00,-2.135732460021972656e+01,-4.829715347290039062e+01
-5.926934719085693359e+00,-2.224838447570800781e+01,-4.839852142333984375e+01
-9.299203872680664062e+00,-2.309548377990722656e+01,-4.584243392944335938e+01
-5.924889087677001953e+00,-2.415156173706054688e+01,-4.596256637573242188e+01
-9.762061119079589844e+00,-2.467882728576660156e+01,-4.308036422729492188e+01
-5.883135795593261719e+00,-2.589269828796386719e+01,-4.321848678588867188e+01
-1.015962600708007812e+01,-2.609720802307128906e+01,-4.003034210205078125e+01
-5.802048206329345703e+00,-2.746092605590820312e+01,-4.018549728393554688e+01
-1.048937225341796875e+01,-2.734116363525390625e+01,-3.671286010742187500e+01
-5.682194709777832031e+00,-2.884561157226562500e+01,-3.688402175903320312e+01
-1.074872016906738281e+01,-2.840188789367675781e+01,-3.314934539794921875e+01
-5.524262905120849609e+00,-3.003691864013671875e+01,-3.333536529541015625e+01
-1.093628120422363281e+01,-2.927273750305175781e+01,-2.936429023742675781e+01
-5.329416751861572266e+00,-3.102745628356933594e+01,-2.956392288208007812e+01
-1.105078220367431641e+01,-2.994802474975585938e+01,-2.538298416137695312e+01
-5.098945617675781250e+00,-3.181070327758789062e+01,-2.559490013122558594e+01
-1.109114265441894531e+01,-3.042265129089355469e+01,-2.123146629333496094e+01
-4.834281921386718750e+00,-3.238070678710937500e+01,-2.145425796508789062e+01
-1.105741310119628906e+01,-3.069382858276367188e+01,-1.693818664550781250e+01
-4.537297248840332031e+00,-3.273443984985351562e+01,-1.717031860351562500e+01
-1.094975471496582031e+01,-3.076001930236816406e+01,-1.253161525726318359e+01
-4.210075855255126953e+00,-3.286923599243164062e+01,-1.277158641815185547e+01
-1.076875019073486328e+01,-3.061990356445312500e+01,-8.041117668151855469e+00
-3.854589223861694336e+00,-3.278376388549804688e+01,-8.287293434143066406e+00
-1.051572704315185547e+01,-3.027522850036621094e+01,-3.496737241744995117e+00
-3.473261594772338867e+00,-3.247923278808593750e+01,-3.747483015060424805e+00
-1.019246101379394531e+01,-2.972823524475097656e+01,1.070841550827026367e+00
-3.068792104721069336e+00,-3.195771598815917969e+01,8.172166943550109863e-01
-9.800933837890625000e+00,-2.898194503784179688e+01,5.631310462951660156e+00
-2.643779993057250977e+00,-3.122181701660156250e+01,5.376475811004638672e+00
-9.343872070312500000e+00,-2.804195404052734375e+01,1.015414142608642578e+01
-2.201102733612060547e+00,-3.027734947204589844e+01,9.899823188781738281e+00
-8.824310302734375000e+00,-2.691456222534179688e+01,1.460911750793457031e+01
-1.743640780448913574e+00,-2.913059616088867188e+01,1.435702514648437500e+01
-8.245694160461425781e+00,-2.560682106018066406e+01,1.896616744995117188e+01
-1.274578332901000977e+00,-2.778856468200683594e+01,1.871797561645507812e+01
-7.611910820007324219e+00,-2.412792778015136719e+01,2.319651794433593750e+01
-7.969562411308288574e-01,-2.626075172424316406e+01,2.295387458801269531e+01
-6.927321434020996094e+00,-2.248781394958496094e+01,2.727178192138671875e+01
-3.140255510807037354e-01,-2.455751228332519531e+01,2.703631782531738281e+01
